{"cameraMode":{"drawMode":0,"name":"Shaded","section":"Shading Mode"},"sceneLighting":true,"audioPlay":false,"sceneViewState":{"showFog":true,"showMaterialUpdate":false,"showSkybox":true,"showFlares":true,"showImageEffects":true,"showParticleSystems":true},"in2DMode":false,"pivot":{"x":-2.255413055419922,"y":-53.23169708251953,"z":98.46136474609375},"rotation":{"x":-0.23946313560009004,"y":0.013962804339826107,"z":-0.005019486881792545,"w":-0.971004068851471},"size":148.75619506835938,"orthographic":false}