{"cameraMode":{"drawMode":0,"name":"Shaded","section":"Shading Mode"},"sceneLighting":true,"audioPlay":false,"sceneViewState":{"showFog":true,"showMaterialUpdate":false,"showSkybox":true,"showFlares":true,"showImageEffects":true,"showParticleSystems":true},"in2DMode":false,"pivot":{"x":682.99072265625,"y":-116.15544891357422,"z":895.7138061523438},"rotation":{"x":-0.24962665140628816,"y":-0.01104216743260622,"z":0.0028443620540201666,"w":-0.9682836532592773},"size":432.42095947265627,"orthographic":false}